,turquoise,yellow,brown,blue,pink,red,black,magenta,green
turquoise,0.26977132581090174,0.43254587912452785,0.780347711708467,0.17601294240663945,0.759717672331429,0.12800393664044143,0.7822510858855328,0.25322925610045316,0.2660349313259383
brown,0.7035814524071908,0.8176908574230375,0.9760646590123531,0.07814648469433744,0.4330498508452851,0.22759135786050486,0.9117845919681974,0.37390888761136876,0.4817691370348799
blue,0.8535174061104407,0.35430385301401907,0.02395152650349027,0.7339489283009182,0.990555737874071,0.3015413882909455,0.8578720966173128,0.9780389627878363,0.8646421427548567
yellow,0.4422988247870039,0.9204608339771893,0.3762070758413537,0.03406709854573118,0.007729449885627518,0.414852253656365,0.543280455813912,0.73634129877894,0.06555201536990343
green,0.1540991962549727,0.4433880737408368,0.32642644974667356,0.9872777982828341,0.6172042307769552,0.41879339013129185,0.27023627018479307,0.9436799687381235,0.44571889023192995
pink,0.4352176797063005,0.30370322999419874,0.25146289068181205,0.03655827220229347,0.3742734479298035,0.9098806774433311,0.5219273217597437,0.3544964478474411,0.02618849950323965
black,0.6834477542986943,0.4578570607466528,0.2783416977737785,0.20587498404608592,0.0002888210634506938,0.5487235443617212,0.20093167136111995,0.4973042656996923,0.1845346632234443
red,0.3659485375429157,0.3306546993784321,0.7265756368762426,0.45664891465088536,0.41403915777512945,0.8478484000354052,0.8509222234024442,0.8466992796405785,0.8830270020240998
