,turquoise,yellow,brown,blue,pink,red,black,magenta,green
turquoise,-0.3866044169630496,-0.2804425269412193,-0.10145018200941916,0.4646923791303027,0.11120852745837018,0.5146319594567772,-0.10055288633992515,-0.3991085624115369,-0.3893910487478509
brown,0.13810996920696883,-0.08393005224904036,0.010943180552519449,-0.5810417888066723,0.28014804095691165,0.4194222744543602,-0.04039288360438868,-0.31589304093049697,0.2523751294596849
blue,-0.06726701933576826,0.3283426736257067,-0.7008813477415121,-0.12348934444607948,0.004317457450254664,-0.3637103115198361,-0.06524985094311908,-0.010040343387680006,-0.062117003048655584
yellow,-0.2747712904693143,0.03640898751175429,-0.3144550790822013,0.6698983464038153,0.7804106855010484,0.290884598377265,-0.21898926199507335,0.12234458180994626,-0.6019921463174241
green,-0.48630468197946597,-0.27414147457958643,-0.34666105343250536,0.005816060375445353,-0.18078612760761614,-0.2885409480940242,0.38625913900730113,-0.02576339371203991,-0.2727961334121936
pink,0.2788831108295946,-0.36220050429477546,0.4004701117604253,-0.6632611780111652,-0.3156646477437386,0.041267612210646454,0.23039231347317646,0.3282187187823579,0.6933526589561498
black,0.14790276045338455,0.2658408808507812,-0.3802911337900166,0.4376703724445456,0.9072735937049717,0.21611141238470943,-0.441977306021778,-0.24378242115094803,-0.4567231548873295
red,-0.32090786686628875,0.3438324363341708,-0.12702376221999628,-0.26652940676588704,-0.29136941949663014,-0.06989548327378245,0.06846993490687298,0.07042863038783768,-0.05362733090053197
